Designator,Val,Package,Mid X,Mid Y,Rotation,Layer
C1,1uF,C_0402_1005Metric,192.448538,-81.372299,50,top
C2,0.1uF,C_0402_1005Metric,185.45,-77.54,180,top
C3,0.1uF,C_0402_1005Metric,181.89,-87.37,180,top
C4,0.1uF,C_0402_1005Metric,182.5,-82.82,180,top
C5,0.1uF,C_0402_1005Metric,190.95,-81.53,90,top
C6,0.1uF,C_0402_1005Metric,188.16,-77.02,90,top
C7,0.1uF,C_0402_1005Metric,188.97,-92.19,270,top
C8,0.1uF,C_0402_1005Metric,192.41,-82.84,0,top
C9,0.1uF,C_0402_1005Metric,192.59,-87.37,0,top
C10,1uF,C_0402_1005Metric,187.06,-77.02,90,top
C11,0.1uF,C_0402_1005Metric,189.96,-92.2,270,top
C12,0.1uF,C_0402_1005Metric,190,-80.02,90,top
C13,10uF,C_0603_1608Metric,183.75,-65.58,180,top
C14,10uF,C_0603_1608Metric,184.665,-71.2675,180,top
C15,33pF,C_0402_1005Metric,183.66,-94.26,270,top
C16,33pF,C_0402_1005Metric,188.97,-94.24,90,top
C17,0.1uF,C_0402_1005Metric,189.29,-76.52,90,top
J1,USB_C_Receptacle_USB2.0_14P,USB_C_Receptacle_HRO_TYPE-C-31-M-12,187.345,-59.355,180,top
J2,Conn_01x20,PinHeader_1x20_P2.54mm_Vertical,178.455,-82.355,0,top
J3,Conn_01x20,PinHeader_1x20_P2.54mm_Vertical,196.235,-82.355,0,top
J4,Conn_01x03,PinHeader_1x03_P2.54mm_Vertical,187.685,-106.145,90,top
R1,5.1K,R_0402_1005Metric,189.07,-65.67,270,top
R2,5.1K,R_0402_1005Metric,185.8,-65.72,270,top
R3,27,R_0402_1005Metric,189.03,-81.09,270,top
R4,27,R_0402_1005Metric,188,-81.09,270,top
R5,1K,R_0402_1005Metric,187.41,-91.84,180,top
R6,1K,R_0402_1005Metric,183.47,-77.55,0,top
R7,10K,R_0402_1005Metric,183.4,-76.18,0,top
SW1,SW_Push,SW_Push_SPST_NO_Alps_SKRK,186.03,-73.88,180,top
U1,RP2040,QFN-56-1EP_7x7mm_P0.4mm_EP3.2x3.2mm,187.345,-86.355,90,top
U2,MCP1700x-330xxTT,SOT-23,184.68,-68.42,270,top
U4,W25Q16JVUXIQ TR,Winbond_USON-8-1EP_3x2mm_P0.5mm_EP0.2x1.6mm,184.23,-79.41,0,top
Y1,12 MHz,Crystal_SMD_3225-4Pin_3.2x2.5mm,186.3,-94.24,180,top